Filename,Category
Img1137.jpg,Teenagers
Img3633.jpg,Toddler
Img1474.jpg,Adults
Img3459.jpg,Toddler
Img5578.jpg,Teenagers
Img5052.jpg,Toddler
Img1794.jpg,Teenagers
Img6559.jpg,Teenagers
Img5086.jpg,Toddler
Img1401.jpg,Teenagers
Img3550.jpg,Teenagers
Img5747.jpg,Teenagers
Img1283.jpg,Adults
Img3603.jpg,Teenagers
Img1806.jpg,Teenagers
Img1153.jpg,Teenagers
Img1370.jpg,Teenagers
Img5335.jpg,Toddler
Img1038.jpg,Teenagers
Img6068.jpg,Toddler
Img4628.jpg,Adults
Img2294.jpg,Teenagers
Img5140.jpg,Teenagers
Img2192.jpg,Teenagers
Img1716.jpg,Teenagers
Img1444.jpg,Adults
Img4105.jpg,Toddler
Img1389.jpg,Adults
Img2090.jpg,Adults
Img3128.jpg,Teenagers
Img1288.jpg,Adults
Img5656.jpg,Toddler
Img6871.jpg,Toddler
Img1248.jpg,Adults
Img1093.jpg,Teenagers
Img3051.jpg,Teenagers
Img4982.jpg,Toddler
Img1403.jpg,Teenagers
Img3657.jpg,Toddler
Img6051.jpg,Teenagers
Img2151.jpg,Adults
Img1488.jpg,Teenagers
Img3429.jpg,Teenagers
Img1338.jpg,Teenagers
Img3171.jpg,Toddler
Img2447.jpg,Toddler
Img1631.jpg,Teenagers
Img3942.jpg,Teenagers
Img1388.jpg,Toddler
Img2018.jpg,Toddler
Img1541.jpg,Adults
Img1115.jpg,Teenagers
Img1797.jpg,Teenagers
Img2301.jpg,Adults
Img2426.jpg,Adults
Img2369.jpg,Teenagers
Img1154.jpg,Adults
Img1331.jpg,Adults
Img2196.jpg,Toddler
Img1654.jpg,Adults
Img1780.jpg,Teenagers
Img7681.jpg,Toddler
Img2255.jpg,Teenagers
Img1020.jpg,Adults
Img2270.jpg,Adults
Img1156.jpg,Adults
Img2235.jpg,Teenagers
Img2227.jpg,Adults
Img3120.jpg,Teenagers
Img2485.jpg,Teenagers
Img7678.jpg,Toddler
Img1304.jpg,Teenagers
Img1157.jpg,Toddler
Img1109.jpg,Adults
Img1728.jpg,Toddler
Img1484.jpg,Teenagers
Img3142.jpg,Teenagers
Img2586.jpg,Teenagers
Img3835.jpg,Teenagers
Img3881.jpg,Teenagers
Img2145.jpg,Teenagers
Img1850.jpg,Adults
Img6695.jpg,Toddler
Img2220.jpg,Teenagers
Img1864.jpg,Toddler
Img1928.jpg,Toddler
Img2073.jpg,Adults
Img2524.jpg,Adults
Img1704.jpg,Teenagers
Img2363.jpg,Adults
Img2267.jpg,Teenagers
Img7867.jpg,Toddler
Img1001.jpg,Teenagers
Img1337.jpg,Teenagers
Img2885.jpg,Teenagers
Img5667.jpg,Teenagers
Img1286.jpg,Teenagers
Img2465.jpg,Toddler
Img3114.jpg,Adults
Img4328.jpg,Teenagers
Img3211.jpg,Toddler
Img1136.jpg,Teenagers
Img1621.jpg,Teenagers
Img5128.jpg,Toddler
Img2311.jpg,Teenagers
Img3148.jpg,Toddler
Img3081.jpg,Teenagers
Img3606.jpg,Teenagers
Img2247.jpg,Teenagers
Img2940.jpg,Teenagers
Img2229.jpg,Adults
Img2316.jpg,Toddler
Img6122.jpg,Toddler
Img2618.jpg,Teenagers
Img1875.jpg,Toddler
Img4218.jpg,Adults
Img3922.jpg,Teenagers
Img2351.jpg,Adults
Img2216.jpg,Teenagers
Img1647.jpg,Adults
Img2228.jpg,Teenagers
Img7126.jpg,Teenagers
Img1989.jpg,Adults
Img5705.jpg,Toddler
Img1981.jpg,Teenagers
Img2125.jpg,Adults
Img1753.jpg,Adults
Img3660.jpg,Teenagers
Img2155.jpg,Teenagers
Img2055.jpg,Adults
Img3741.jpg,Toddler
Img1925.jpg,Teenagers
Img2154.jpg,Teenagers
Img1787.jpg,Toddler
Img4163.jpg,Toddler
Img1740.jpg,Teenagers
Img1186.jpg,Adults
Img1415.jpg,Adults
Img5066.jpg,Teenagers
Img6153.jpg,Toddler
Img1212.jpg,Teenagers
Img7560.jpg,Teenagers
Img2445.jpg,Adults
Img5336.jpg,Teenagers
Img3026.jpg,Teenagers
Img1562.jpg,Adults
Img3669.jpg,Teenagers
Img4606.jpg,Teenagers
Img1090.jpg,Adults
Img3034.jpg,Adults
Img3931.jpg,Teenagers
Img1823.jpg,Adults
Img1439.jpg,Teenagers
Img2134.jpg,Adults
Img3096.jpg,Adults
Img2704.jpg,Teenagers
Img2286.jpg,Teenagers
Img4179.jpg,Adults
Img2190.jpg,Toddler
Img1546.jpg,Adults
Img3823.jpg,Adults
Img1064.jpg,Toddler
Img6376.jpg,Teenagers
Img7345.jpg,Toddler
Img2863.jpg,Teenagers
Img7195.jpg,Teenagers
Img1310.jpg,Adults
Img2954.jpg,Adults
Img3413.jpg,Toddler
Img4339.jpg,Toddler
Img6454.jpg,Adults
Img3374.jpg,Teenagers
Img3222.jpg,Teenagers
Img1393.jpg,Toddler
Img2454.jpg,Adults
Img2046.jpg,Adults
Img6896.jpg,Teenagers
Img1569.jpg,Teenagers
Img3024.jpg,Teenagers
Img7976.jpg,Teenagers
Img5768.jpg,Toddler
Img1776.jpg,Teenagers
Img1298.jpg,Teenagers
Img1122.jpg,Teenagers
Img1844.jpg,Teenagers
Img2297.jpg,Teenagers
Img5182.jpg,Toddler
Img6426.jpg,Teenagers
Img1025.jpg,Toddler
Img1847.jpg,Teenagers
Img1746.jpg,Teenagers
Img1771.jpg,Teenagers
Img7683.jpg,Teenagers
Img6057.jpg,Teenagers
Img3382.jpg,Teenagers
Img3350.jpg,Adults
Img1909.jpg,Teenagers
Img2967.jpg,Teenagers
Img1931.jpg,Adults
Img3907.jpg,Teenagers
Img1839.jpg,Adults
Img1628.jpg,Teenagers
Img4549.jpg,Toddler
Img2813.jpg,Adults
Img5576.jpg,Toddler
Img1311.jpg,Teenagers
Img1922.jpg,Toddler
Img1915.jpg,Adults
Img2642.jpg,Toddler
Img6615.jpg,Teenagers
Img2082.jpg,Teenagers
Img3740.jpg,Teenagers
Img1182.jpg,Teenagers
Img5456.jpg,Teenagers
Img1573.jpg,Adults
Img3194.jpg,Toddler
Img1270.jpg,Adults
Img1168.jpg,Adults
Img2924.jpg,Teenagers
Img6458.jpg,Teenagers
Img2406.jpg,Teenagers
Img5694.jpg,Toddler
Img1466.jpg,Toddler
Img3433.jpg,Adults
Img1971.jpg,Adults
Img2391.jpg,Adults
Img1950.jpg,Teenagers
Img1819.jpg,Teenagers
Img7862.jpg,Toddler
Img2085.jpg,Teenagers
Img1601.jpg,Teenagers
Img7078.jpg,Toddler
Img2501.jpg,Teenagers
Img2439.jpg,Teenagers
Img1699.jpg,Adults
Img1175.jpg,Teenagers
Img3978.jpg,Adults
Img3629.jpg,Adults
Img2365.jpg,Teenagers
Img3687.jpg,Toddler
Img3983.jpg,Adults
Img1451.jpg,Teenagers
Img1448.jpg,Teenagers
Img3496.jpg,Adults
Img3074.jpg,Adults
Img1369.jpg,Adults
Img6271.jpg,Toddler
Img3917.jpg,Adults
Img1535.jpg,Teenagers
Img7243.jpg,Toddler
Img2318.jpg,Adults
Img6949.jpg,Toddler
Img3469.jpg,Teenagers
Img5245.jpg,Toddler
Img3353.jpg,Teenagers
Img1766.jpg,Teenagers
Img7417.jpg,Toddler
Img1612.jpg,Teenagers
Img1155.jpg,Toddler
Img3976.jpg,Toddler
Img1530.jpg,Adults
Img1077.jpg,Teenagers
Img2672.jpg,Teenagers
Img4513.jpg,Teenagers
Img1851.jpg,Teenagers
Img3356.jpg,Teenagers
Img5354.jpg,Teenagers
Img1955.jpg,Teenagers
Img1279.jpg,Teenagers
Img1826.jpg,Adults
Img1305.jpg,Toddler
Img1792.jpg,Teenagers
Img2017.jpg,Adults
Img1417.jpg,Adults
Img2081.jpg,Adults
Img1472.jpg,Adults
Img2602.jpg,Teenagers
Img1114.jpg,Toddler
Img4934.jpg,Adults
Img1733.jpg,Teenagers
Img2307.jpg,Teenagers
Img1208.jpg,Teenagers
Img1811.jpg,Teenagers
Img2629.jpg,Teenagers
Img1073.jpg,Teenagers
Img1017.jpg,Teenagers
Img2420.jpg,Teenagers
Img5852.jpg,Adults
Img1071.jpg,Adults
Img1382.jpg,Toddler
Img2502.jpg,Toddler
Img1499.jpg,Teenagers
Img3731.jpg,Teenagers
Img3247.jpg,Teenagers
Img1872.jpg,Teenagers
Img1252.jpg,Adults
Img7434.jpg,Toddler
Img7130.jpg,Teenagers
Img3033.jpg,Teenagers
Img2478.jpg,Teenagers
Img1183.jpg,Toddler
Img1360.jpg,Adults
Img2061.jpg,Toddler
Img2685.jpg,Adults
Img1868.jpg,Teenagers
Img7147.jpg,Toddler
Img2677.jpg,Toddler
Img2455.jpg,Teenagers
Img4834.jpg,Toddler
Img2040.jpg,Adults
Img1951.jpg,Adults
Img5148.jpg,Toddler
Img3968.jpg,Teenagers
Img6290.jpg,Toddler
